{"alpine": {"a_total": 98, "d_total": 90, "ad_total": 188, "lga_erp": 12019, "crime_ratio": 0.01564190032448623}, "ararat": {"a_total": 316, "d_total": 163, "ad_total": 479, "lga_erp": 11139, "crime_ratio": 0.043002064817308554}, "ballarat": {"a_total": 1584, "d_total": 853, "ad_total": 2437, "lga_erp": 100240, "crime_ratio": 0.024311652035115722}, "banyule": {"a_total": 1168, "d_total": 339, "ad_total": 1507, "lga_erp": 125451, "crime_ratio": 0.01201265832874987}, "bass coast": {"a_total": 625, "d_total": 276, "ad_total": 901, "lga_erp": 31610, "crime_ratio": 0.028503638089212274}, "baw baw": {"a_total": 708, "d_total": 337, "ad_total": 1045, "lga_erp": 45912, "crime_ratio": 0.022760933960620316}, "bayside": {"a_total": 486, "d_total": 265, "ad_total": 751, "lga_erp": 99914, "crime_ratio": 0.007516464159176892}, "benalla": {"a_total": 333, "d_total": 103, "ad_total": 436, "lga_erp": 13603, "crime_ratio": 0.032051753289715504}, "boroondara": {"a_total": 681, "d_total": 365, "ad_total": 1046, "lga_erp": 172551, "crime_ratio": 0.006061975879595018}, "brimbank": {"a_total": 2402, "d_total": 1063, "ad_total": 3465, "lga_erp": 197637, "crime_ratio": 0.017532142260811488}, "buloke": {"a_total": 45, "d_total": 22, "ad_total": 67, "lga_erp": 6084, "crime_ratio": 0.01101249178172255}, "campaspe": {"a_total": 451, "d_total": 277, "ad_total": 728, "lga_erp": 36889, "crime_ratio": 0.019734880316625552}, "cardinia": {"a_total": 886, "d_total": 376, "ad_total": 1262, "lga_erp": 87034, "crime_ratio": 0.014500080428338351}, "casey": {"a_total": 3069, "d_total": 921, "ad_total": 3990, "lga_erp": 283215, "crime_ratio": 0.01408823685186166}, "central goldfields": {"a_total": 254, "d_total": 131, "ad_total": 385, "lga_erp": 12609, "crime_ratio": 0.030533745737171863}, "colac-otway": {"a_total": 354, "d_total": 161, "ad_total": 515, "lga_erp": 20504, "crime_ratio": 0.025117050331642608}, "corangamite": {"a_total": 172, "d_total": 60, "ad_total": 232, "lga_erp": 15920, "crime_ratio": 0.01457286432160804}, "darebin": {"a_total": 1666, "d_total": 654, "ad_total": 2320, "lga_erp": 148675, "crime_ratio": 0.015604506473852362}, "east gippsland": {"a_total": 883, "d_total": 411, "ad_total": 1294, "lga_erp": 43678, "crime_ratio": 0.029625898621731764}, "frankston": {"a_total": 1975, "d_total": 1671, "ad_total": 3646, "lga_erp": 134899, "crime_ratio": 0.027027628077302277}, "gannawarra": {"a_total": 120, "d_total": 93, "ad_total": 213, "lga_erp": 10142, "crime_ratio": 0.021001774797870243}, "golden plains": {"a_total": 78, "d_total": 30, "ad_total": 108, "lga_erp": 20538, "crime_ratio": 0.0052585451358457495}, "greater bendigo": {"a_total": 1373, "d_total": 858, "ad_total": 2231, "lga_erp": 107051, "crime_ratio": 0.020840533951107416}, "greater dandenong": {"a_total": 2825, "d_total": 1506, "ad_total": 4331, "lga_erp": 149466, "crime_ratio": 0.028976489636439055}, "greater geelong": {"a_total": 2339, "d_total": 1491, "ad_total": 3830, "lga_erp": 224906, "crime_ratio": 0.017029336700666056}, "greater shepparton": {"a_total": 1169, "d_total": 613, "ad_total": 1782, "lga_erp": 63131, "crime_ratio": 0.02822702000601923}, "hepburn": {"a_total": 120, "d_total": 31, "ad_total": 151, "lga_erp": 14885, "crime_ratio": 0.010144440712126302}, "hindmarsh": {"a_total": 53, "d_total": 21, "ad_total": 74, "lga_erp": 5642, "crime_ratio": 0.013115916341722794}, "hobsons bay": {"a_total": 989, "d_total": 474, "ad_total": 1463, "lga_erp": 91118, "crime_ratio": 0.016056103075133343}, "horsham": {"a_total": 486, "d_total": 238, "ad_total": 724, "lga_erp": 19691, "crime_ratio": 0.03676806662942461}, "hume": {"a_total": 2739, "d_total": 1014, "ad_total": 3753, "lga_erp": 188669, "crime_ratio": 0.019891980134521304}, "indigo": {"a_total": 109, "d_total": 53, "ad_total": 162, "lga_erp": 15341, "crime_ratio": 0.010559937422593051}, "kingston": {"a_total": 1365, "d_total": 681, "ad_total": 2046, "lga_erp": 153034, "crime_ratio": 0.013369578002274004}, "knox": {"a_total": 1465, "d_total": 648, "ad_total": 2113, "lga_erp": 155279, "crime_ratio": 0.01360776408915565}, "latrobe": {"a_total": 2535, "d_total": 1015, "ad_total": 3550, "lga_erp": 73619, "crime_ratio": 0.048221247232372075}, "loddon": {"a_total": 73, "d_total": 23, "ad_total": 96, "lga_erp": 7353, "crime_ratio": 0.013055895552835577}, "glen eira": {"a_total": 584, "d_total": 333, "ad_total": 917, "lga_erp": 144009, "crime_ratio": 0.006367657576956996}, "glenelg": {"a_total": 300, "d_total": 197, "ad_total": 497, "lga_erp": 19355, "crime_ratio": 0.025678119349005425}, "macedon ranges": {"a_total": 352, "d_total": 140, "ad_total": 492, "lga_erp": 44702, "crime_ratio": 0.011006218961120308}, "manningham": {"a_total": 582, "d_total": 148, "ad_total": 730, "lga_erp": 118485, "crime_ratio": 0.00616111744102629}, "mansfield": {"a_total": 91, "d_total": 66, "ad_total": 157, "lga_erp": 8217, "crime_ratio": 0.019106729950103443}, "maribyrnong": {"a_total": 985, "d_total": 654, "ad_total": 1639, "lga_erp": 81831, "crime_ratio": 0.02002908433234349}, "maroondah": {"a_total": 1018, "d_total": 503, "ad_total": 1521, "lga_erp": 111185, "crime_ratio": 0.013679902864595044}, "melbourne": {"a_total": 3630, "d_total": 5046, "ad_total": 8676, "lga_erp": 122167, "crime_ratio": 0.07101754156196027}, "melton": {"a_total": 1441, "d_total": 557, "ad_total": 1998, "lga_erp": 127638, "crime_ratio": 0.01565364546608377}, "mildura": {"a_total": 880, "d_total": 743, "ad_total": 1623, "lga_erp": 53018, "crime_ratio": 0.030612244897959183}, "mitchell": {"a_total": 751, "d_total": 290, "ad_total": 1041, "lga_erp": 38393, "crime_ratio": 0.027114317714166645}, "moira": {"a_total": 311, "d_total": 110, "ad_total": 421, "lga_erp": 28825, "crime_ratio": 0.014605377276669558}, "monash": {"a_total": 1225, "d_total": 462, "ad_total": 1687, "lga_erp": 184977, "crime_ratio": 0.009120052763316521}, "moonee valley": {"a_total": 1083, "d_total": 476, "ad_total": 1559, "lga_erp": 117297, "crime_ratio": 0.013291047511871573}, "moorabool": {"a_total": 303, "d_total": 118, "ad_total": 421, "lga_erp": 30911, "crime_ratio": 0.013619747015625506}, "moreland": {"a_total": 1539, "d_total": 604, "ad_total": 2143, "lga_erp": 163331, "crime_ratio": 0.01312059560034531}, "mornington peninsula": {"a_total": 1490, "d_total": 936, "ad_total": 2426, "lga_erp": 153749, "crime_ratio": 0.01577896441602872}, "mount alexander": {"a_total": 253, "d_total": 85, "ad_total": 338, "lga_erp": 18087, "crime_ratio": 0.018687455078232985}, "moyne": {"a_total": 332, "d_total": 119, "ad_total": 451, "lga_erp": 16336, "crime_ratio": 0.027607737512242898}, "murrindindi": {"a_total": 131, "d_total": 93, "ad_total": 224, "lga_erp": 13589, "crime_ratio": 0.016483920818308927}, "nillumbik": {"a_total": 302, "d_total": 87, "ad_total": 389, "lga_erp": 62849, "crime_ratio": 0.006189438177218412}, "northern grampians": {"a_total": 248, "d_total": 107, "ad_total": 355, "lga_erp": 11715, "crime_ratio": 0.030303030303030304}, "port phillip": {"a_total": 1340, "d_total": 1325, "ad_total": 2665, "lga_erp": 104813, "crime_ratio": 0.025426235295240095}, "pyrenees": {"a_total": 96, "d_total": 26, "ad_total": 122, "lga_erp": 6791, "crime_ratio": 0.017964953615078782}, "queenscliffe": {"a_total": 2, "d_total": 21, "ad_total": 23, "lga_erp": 3033, "crime_ratio": 0.007583250906693043}, "south gippsland": {"a_total": 275, "d_total": 85, "ad_total": 360, "lga_erp": 27838, "crime_ratio": 0.012931963503125225}, "southern grampians": {"a_total": 216, "d_total": 140, "ad_total": 356, "lga_erp": 15906, "crime_ratio": 0.02238149126115931}, "stonnington": {"a_total": 800, "d_total": 883, "ad_total": 1683, "lga_erp": 105946, "crime_ratio": 0.01588545107885149}, "strathbogie": {"a_total": 124, "d_total": 35, "ad_total": 159, "lga_erp": 9814, "crime_ratio": 0.01620134501732219}, "surf coast": {"a_total": 160, "d_total": 112, "ad_total": 272, "lga_erp": 28460, "crime_ratio": 0.009557273366127899}, "swan hill": {"a_total": 443, "d_total": 321, "ad_total": 764,