{"alpine": {"a_total": 105, "d_total": 76, "ad_total": 181, "lga_erp": 11985, "crime_ratio": 0.015102211097204839}, "ararat": {"a_total": 363, "d_total": 153, "ad_total": 516, "lga_erp": 11299, "crime_ratio": 0.04566775820869103}, "ballarat": {"a_total": 1823, "d_total": 676, "ad_total": 2499, "lga_erp": 104344, "crime_ratio": 0.02394962815303228}, "banyule": {"a_total": 1229, "d_total": 416, "ad_total": 1645, "lga_erp": 127430, "crime_ratio": 0.012909048104841874}, "bass coast": {"a_total": 607, "d_total": 212, "ad_total": 819, "lga_erp": 33581, "crime_ratio": 0.024388791280783778}, "baw baw": {"a_total": 788, "d_total": 284, "ad_total": 1072, "lga_erp": 48378, "crime_ratio": 0.022158832527181777}, "bayside": {"a_total": 613, "d_total": 294, "ad_total": 907, "lga_erp": 101852, "crime_ratio": 0.008905077956250245}, "benalla": {"a_total": 335, "d_total": 71, "ad_total": 406, "lga_erp": 13715, "crime_ratio": 0.02960262486328837}, "boroondara": {"a_total": 808, "d_total": 322, "ad_total": 1130, "lga_erp": 177915, "crime_ratio": 0.00635134755360706}, "brimbank": {"a_total": 2555, "d_total": 1221, "ad_total": 3776, "lga_erp": 200144, "crime_ratio": 0.01886641618035015}, "buloke": {"a_total": 57, "d_total": 9, "ad_total": 66, "lga_erp": 5966, "crime_ratio": 0.011062688568555145}, "campaspe": {"a_total": 765, "d_total": 318, "ad_total": 1083, "lga_erp": 36955, "crime_ratio": 0.02930591259640103}, "cardinia": {"a_total": 1155, "d_total": 387, "ad_total": 1542, "lga_erp": 95604, "crime_ratio": 0.016129032258064516}, "casey": {"a_total": 3992, "d_total": 944, "ad_total": 4936, "lga_erp": 300169, "crime_ratio": 0.01644406984065643}, "central goldfields": {"a_total": 278, "d_total": 136, "ad_total": 414, "lga_erp": 12729, "crime_ratio": 0.03252415743577657}, "colac-otway": {"a_total": 325, "d_total": 152, "ad_total": 477, "lga_erp": 20676, "crime_ratio": 0.0230702263493906}, "corangamite": {"a_total": 161, "d_total": 61, "ad_total": 222, "lga_erp": 15961, "crime_ratio": 0.013908902950942924}, "darebin": {"a_total": 1591, "d_total": 751, "ad_total": 2342, "lga_erp": 153638, "crime_ratio": 0.01524362462411643}, "east gippsland": {"a_total": 865, "d_total": 387, "ad_total": 1252, "lga_erp": 44611, "crime_ratio": 0.028064827060590436}, "frankston": {"a_total": 2247, "d_total": 1301, "ad_total": 3548, "lga_erp": 137554, "crime_ratio": 0.02579350655015485}, "gannawarra": {"a_total": 116, "d_total": 61, "ad_total": 177, "lga_erp": 9771, "crime_ratio": 0.018114829597789376}, "golden plains": {"a_total": 105, "d_total": 23, "ad_total": 128, "lga_erp": 21714, "crime_ratio": 0.0058948144054527035}, "greater bendigo": {"a_total": 1559, "d_total": 775, "ad_total": 2334, "lga_erp": 110497, "crime_ratio": 0.02112274541390264}, "greater dandenong": {"a_total": 3248, "d_total": 1540, "ad_total": 4788, "lga_erp": 155913, "crime_ratio": 0.03070943410748302}, "greater geelong": {"a_total": 2759, "d_total": 1383, "ad_total": 4142, "lga_erp": 231487, "crime_ratio": 0.017893013430559816}, "greater shepparton": {"a_total": 1437, "d_total": 621, "ad_total": 2058, "lga_erp": 64803, "crime_ratio": 0.0317577889912504}, "hepburn": {"a_total": 134, "d_total": 22, "ad_total": 156, "lga_erp": 15175, "crime_ratio": 0.01028006589785832}, "hindmarsh": {"a_total": 99, "d_total": 15, "ad_total": 114, "lga_erp": 5497, "crime_ratio": 0.020738584682554122}, "hobsons bay": {"a_total": 910, "d_total": 411, "ad_total": 1321, "lga_erp": 93377, "crime_ratio": 0.014146952675712435}, "horsham": {"a_total": 523, "d_total": 215, "ad_total": 738, "lga_erp": 19886, "crime_ratio": 0.037111535753796644}, "hume": {"a_total": 3146, "d_total": 1195, "ad_total": 4341, "lga_erp": 199220, "crime_ratio": 0.021789980925609877}, "indigo": {"a_total": 78, "d_total": 47, "ad_total": 125, "lga_erp": 15549, "crime_ratio": 0.008039102193067079}, "kingston": {"a_total": 1388, "d_total": 704, "ad_total": 2092, "lga_erp": 155995, "crime_ratio": 0.013410686239943587}, "knox": {"a_total": 1633, "d_total": 646, "ad_total": 2279, "lga_erp": 158017, "crime_ratio": 0.014422498845060975}, "glen eira": {"a_total": 910, "d_total": 464, "ad_total": 1374, "lga_erp": 148050, "crime_ratio": 0.0092806484295846}, "glenelg": {"a_total": 294, "d_total": 126, "ad_total": 420, "lga_erp": 19283, "crime_ratio": 0.021780843229787895}, "latrobe": {"a_total": 2832, "d_total": 1116, "ad_total": 3948, "lga_erp": 73903, "crime_ratio": 0.05342137666941802}, "loddon": {"a_total": 126, "d_total": 27, "ad_total": 153, "lga_erp": 7399, "crime_ratio": 0.020678470063522098}, "macedon ranges": {"a_total": 432, "d_total": 212, "ad_total": 644, "lga_erp": 46272, "crime_ratio": 0.013917704011065008}, "manningham": {"a_total": 744, "d_total": 165, "ad_total": 909, "lga_erp": 121184, "crime_ratio": 0.007500990229733298}, "mansfield": {"a_total": 97, "d_total": 89, "ad_total": 186, "lga_erp": 8392, "crime_ratio": 0.022163965681601526}, "maribyrnong": {"a_total": 947, "d_total": 601, "ad_total": 1548, "lga_erp": 86877, "crime_ratio": 0.017818294830622604}, "maroondah": {"a_total": 1172, "d_total": 645, "ad_total": 1817, "lga_erp": 112971, "crime_ratio": 0.01608377371183755}, "melbourne": {"a_total": 4459, "d_total": 4074, "ad_total": 8533, "lga_erp": 137340, "crime_ratio": 0.06213047910295617}, "melton": {"a_total": 1835, "d_total": 799, "ad_total": 2634, "lga_erp": 136539, "crime_ratio": 0.019291191527695383}, "mildura": {"a_total": 1197, "d_total": 616, "ad_total": 1813, "lga_erp": 53687, "crime_ratio": 0.033769813921433495}, "mitchell": {"a_total": 948, "d_total": 317, "ad_total": 1265, "lga_erp": 40732, "crime_ratio": 0.031056663065894136}, "moira": {"a_total": 365, "d_total": 175, "ad_total": 540, "lga_erp": 29155, "crime_ratio": 0.018521694392042532}, "monash": {"a_total": 1397, "d_total": 454, "ad_total": 1851, "lga_erp": 189236, "crime_ratio": 0.009781436935889577}, "moonee valley": {"a_total": 1231, "d_total": 516, "ad_total": 1747, "lga_erp": 121382, "crime_ratio": 0.014392578800810664}, "moorabool": {"a_total": 425, "d_total": 127, "ad_total": 552, "lga_erp": 32420, "crime_ratio": 0.01702652683528686}, "moreland": {"a_total": 1803, "d_total": 604, "ad_total": 2407, "lga_erp": 170178, "crime_ratio": 0.014144013914842107}, "mornington peninsula": {"a_total": 1728, "d_total": 1197, "ad_total": 2925, "lga_erp": 157787, "crime_ratio": 0.018537648855735896}, "mount alexander": {"a_total": 339, "d_total": 123, "ad_total": 462, "lga_erp": 18360, "crime_ratio": 0.02516339869281046}, "moyne": {"a_total": 291, "d_total": 100, "ad_total": 391, "lga_erp": 16503, "crime_ratio": 0.02369266194025329}, "murrindindi": {"a_total": 174, "d_total": 78, "ad_total": 252, "lga_erp": 13713, "crime_ratio": 0.018376722817764167}, "nillumbik": {"a_total": 393, "d_total": 90, "ad_total": 483, "lga_erp": 63090, "crime_ratio": 0.0076557299096528765}, "northern grampians": {"a_total": 261, "d_total": 160, "ad_total": 421, "lga_erp": 11657, "crime_ratio": 0.03611563867204255}, "port phillip": {"a_total": 1529, "d_total": 945, "ad_total": 2474, "lga_erp": 108049, "crime_ratio": 0.022897018945108236}, "pyrenees": {"a_total": 111, "d_total": 31, "ad_total": 142, "lga_erp": 6902, "crime_ratio": 0.02057374674007534}, "queenscliffe": {"a_total": 6, "d_total": 4, "ad_total": 10, "lga_erp": 3035, "crime_ratio": 0.0032948929159802307}, "south gippsland": {"a_total": 340, "d_total": 85, "ad_total": 425, "lga_erp": 28112, "crime_ratio": 0.015118099032441662}, "southern grampians": {"a_total": 279, "d_total": 134, "ad_total": 413, "lga_erp": 15869, "crime_ratio": 0.026025584472871635}, "stonnington": {"a_total": 1099, "d_total": 741, "ad_total": 1840, "lga_erp": 112119, "crime_ratio": 0.01641113459806099}, "strathbogie": {"a_total": 122, "d_total": 23, "ad_total": 145, "lga_erp": 9938, "crime_ratio": 0.014590460857315355}, "surf coast": {"a_total": 201, "d_total": 63, "ad_total": 264, "lga_erp": 29337, "crime_ratio": 0.008998875140607425}, "swan hill": {"a_total": 444, "d_total": 261, "ad_total": 705,