{"alpine": {"a_total": 95, "d_total": 101, "ad_total": 196, "lga_erp": 11858, "crime_ratio": 0.01652892561983471}, "ararat": {"a_total": 323, "d_total": 159, "ad_total": 482, "lga_erp": 11028, "crime_ratio": 0.043706927820094305}, "ballarat": {"a_total": 1650, "d_total": 686, "ad_total": 2336, "lga_erp": 101578, "crime_ratio": 0.02299710567248814}, "banyule": {"a_total": 1221, "d_total": 462, "ad_total": 1683, "lga_erp": 126232, "crime_ratio": 0.01333259395398948}, "bass coast": {"a_total": 598, "d_total": 216, "ad_total": 814, "lga_erp": 32033, "crime_ratio": 0.025411294602441233}, "baw baw": {"a_total": 724, "d_total": 310, "ad_total": 1034, "lga_erp": 46638, "crime_ratio": 0.022170762039538574}, "bayside": {"a_total": 569, "d_total": 318, "ad_total": 887, "lga_erp": 101321, "crime_ratio": 0.008754354970835267}, "benalla": {"a_total": 261, "d_total": 77, "ad_total": 338, "lga_erp": 13496, "crime_ratio": 0.025044457617071726}, "boroondara": {"a_total": 677, "d_total": 311, "ad_total": 988, "lga_erp": 174787, "crime_ratio": 0.005652594300491455}, "brimbank": {"a_total": 2415, "d_total": 1208, "ad_total": 3623, "lga_erp": 199432, "crime_ratio": 0.018166593124473506}, "buloke": {"a_total": 53, "d_total": 23, "ad_total": 76, "lga_erp": 5952, "crime_ratio": 0.012768817204301076}, "campaspe": {"a_total": 501, "d_total": 259, "ad_total": 760, "lga_erp": 36747, "crime_ratio": 0.020681960432144122}, "cardinia": {"a_total": 1103, "d_total": 496, "ad_total": 1599, "lga_erp": 90884, "crime_ratio": 0.017593855904229568}, "casey": {"a_total": 3419, "d_total": 1187, "ad_total": 4606, "lga_erp": 292211, "crime_ratio": 0.015762582517427477}, "central goldfields": {"a_total": 234, "d_total": 150, "ad_total": 384, "lga_erp": 12575, "crime_ratio": 0.030536779324055668}, "colac-otway": {"a_total": 393, "d_total": 155, "ad_total": 548, "lga_erp": 20255, "crime_ratio": 0.027055048136262652}, "corangamite": {"a_total": 183, "d_total": 54, "ad_total": 237, "lga_erp": 15671, "crime_ratio": 0.01512347648522749}, "darebin": {"a_total": 1634, "d_total": 743, "ad_total": 2377, "lga_erp": 150881, "crime_ratio": 0.01575413736653389}, "east gippsland": {"a_total": 877, "d_total": 495, "ad_total": 1372, "lga_erp": 43995, "crime_ratio": 0.03118536197295147}, "frankston": {"a_total": 2088, "d_total": 1456, "ad_total": 3544, "lga_erp": 135971, "crime_ratio": 0.02606438137544035}, "gannawarra": {"a_total": 114, "d_total": 72, "ad_total": 186, "lga_erp": 10019, "crime_ratio": 0.01856472701866454}, "golden plains": {"a_total": 80, "d_total": 35, "ad_total": 115, "lga_erp": 20809, "crime_ratio": 0.005526454899322408}, "greater bendigo": {"a_total": 1469, "d_total": 826, "ad_total": 2295, "lga_erp": 108437, "crime_ratio": 0.021164362717522617}, "greater dandenong": {"a_total": 2745, "d_total": 1586, "ad_total": 4331, "lga_erp": 152739, "crime_ratio": 0.028355560793248615}, "greater geelong": {"a_total": 2544, "d_total": 1661, "ad_total": 4205, "lga_erp": 229420, "crime_ratio": 0.018328829221515124}, "greater shepparton": {"a_total": 1268, "d_total": 609, "ad_total": 1877, "lga_erp": 63366, "crime_ratio": 0.0296215636145567}, "hepburn": {"a_total": 123, "d_total": 32, "ad_total": 155, "lga_erp": 14794, "crime_ratio": 0.010477220494795188}, "hindmarsh": {"a_total": 45, "d_total": 21, "ad_total": 66, "lga_erp": 5494, "crime_ratio": 0.012013105205678923}, "hobsons bay": {"a_total": 949, "d_total": 447, "ad_total": 1396, "lga_erp": 92761, "crime_ratio": 0.015049428100171408}, "horsham": {"a_total": 542, "d_total": 228, "ad_total": 770, "lga_erp": 19774, "crime_ratio": 0.03894002225144129}, "hume": {"a_total": 2935, "d_total": 1245, "ad_total": 4180, "lga_erp": 194006, "crime_ratio": 0.021545725389936394}, "indigo": {"a_total": 105, "d_total": 46, "ad_total": 151, "lga_erp": 15431, "crime_ratio": 0.009785496727366989}, "kingston": {"a_total": 1364, "d_total": 694, "ad_total": 2058, "lga_erp": 154477, "crime_ratio": 0.013322371615191906}, "knox": {"a_total": 1421, "d_total": 602, "ad_total": 2023, "lga_erp": 155681, "crime_ratio": 0.01299452084711686}, "latrobe": {"a_total": 2546, "d_total": 1099, "ad_total": 3645, "lga_erp": 73548, "crime_ratio": 0.04955947136563876}, "glen eira": {"a_total": 677, "d_total": 330, "ad_total": 1007, "lga_erp": 146303, "crime_ratio": 0.006882975742124222}, "glenelg": {"a_total": 320, "d_total": 182, "ad_total": 502, "lga_erp": 19158, "crime_ratio": 0.026203152729930054}, "loddon": {"a_total": 90, "d_total": 36, "ad_total": 126, "lga_erp": 7283, "crime_ratio": 0.017300562954826307}, "macedon ranges": {"a_total": 362, "d_total": 152, "ad_total": 514, "lga_erp": 45308, "crime_ratio": 0.011344574909508255}, "manningham": {"a_total": 609, "d_total": 168, "ad_total": 777, "lga_erp": 119442, "crime_ratio": 0.006505249409755363}, "mansfield": {"a_total": 73, "d_total": 60, "ad_total": 133, "lga_erp": 8300, "crime_ratio": 0.01602409638554217}, "maribyrnong": {"a_total": 869, "d_total": 584, "ad_total": 1453, "lga_erp": 83515, "crime_ratio": 0.017398072202598334}, "maroondah": {"a_total": 1080, "d_total": 547, "ad_total": 1627, "lga_erp": 112310, "crime_ratio": 0.014486688629685692}, "melbourne": {"a_total": 3691, "d_total": 4550, "ad_total": 8241, "lga_erp": 128980, "crime_ratio": 0.06389362691890216}, "melton": {"a_total": 1518, "d_total": 627, "ad_total": 2145, "lga_erp": 132752, "crime_ratio": 0.016157948656140775}, "mildura": {"a_total": 930, "d_total": 690, "ad_total": 1620, "lga_erp": 53015, "crime_ratio": 0.03055738941808922}, "mitchell": {"a_total": 835, "d_total": 315, "ad_total": 1150, "lga_erp": 39143, "crime_ratio": 0.029379454819507957}, "moira": {"a_total": 327, "d_total": 170, "ad_total": 497, "lga_erp": 28820, "crime_ratio": 0.01724496877168633}, "monash": {"a_total": 1272, "d_total": 511, "ad_total": 1783, "lga_erp": 187286, "crime_ratio": 0.009520199053853465}, "moonee valley": {"a_total": 1129, "d_total": 488, "ad_total": 1617, "lga_erp": 119583, "crime_ratio": 0.013521988911467348}, "moorabool": {"a_total": 321, "d_total": 128, "ad_total": 449, "lga_erp": 31496, "crime_ratio": 0.014255778511557023}, "moreland": {"a_total": 1779, "d_total": 576, "ad_total": 2355, "lga_erp": 166770, "crime_ratio": 0.014121244828206512}, "mornington peninsula": {"a_total": 1553, "d_total": 1100, "ad_total": 2653, "lga_erp": 155015, "crime_ratio": 0.01711447279295552}, "mount alexander": {"a_total": 273, "d_total": 96, "ad_total": 369, "lga_erp": 18130, "crime_ratio": 0.020353006067291783}, "moyne": {"a_total": 269, "d_total": 81, "ad_total": 350, "lga_erp": 16229, "crime_ratio": 0.02156633187503851}, "murrindindi": {"a_total": 118, "d_total": 54, "ad_total": 172, "lga_erp": 13693, "crime_ratio": 0.012561162637844153}, "nillumbik": {"a_total": 343, "d_total": 99, "ad_total": 442, "lga_erp": 62602, "crime_ratio": 0.007060477301044695}, "northern grampians": {"a_total": 275, "d_total": 135, "ad_total": 410, "lga_erp": 11509, "crime_ratio": 0.035624294030758535}, "port phillip": {"a_total": 1641, "d_total": 1163, "ad_total": 2804, "lga_erp": 107127, "crime_ratio": 0.026174540498660467}, "pyrenees": {"a_total": 97, "d_total": 34, "ad_total": 131, "lga_erp": 6822, "crime_ratio": 0.01920257988859572}, "queenscliffe": {"a_total": 8, "d_total": 11, "ad_total": 19, "lga_erp": 3017, "crime_ratio": 0.006297646668876367}, "south gippsland": {"a_total": 330, "d_total": 93, "ad_total": 423, "lga_erp": 27706, "crime_ratio": 0.01526745109362593}, "southern grampians": {"a_total": 220, "d_total": 118, "ad_total": 338, "lga_erp": 15751, "crime_ratio": 0.021458954986984954}, "stonnington": {"a_total": 947, "d_total": 796, "ad_total": 1743, "lga_erp": 107941, "crime_ratio": 0.016147710323232135}, "strathbogie": {"a_total": 100, "d_total": 25, "ad_total": 125, "lga_erp": 9826, "crime_ratio": 0.0127213515163851}, "surf coast": {"a_total": 163, "d_total": 82, "ad_total": 245, "lga_erp": 28941, "crime_ratio": 0.008465498773366505}, "swan hill": {"a_total": 446, "d_total": 337, "ad_total": 783,