{
    "adelaide": 7.502777777777776,
    "adelaide hills": 3.4277777777777776,
    "adelaide plains": 4.569444444444445,
    "albany": 4.1611111111111105,
    "albury": 8.069444444444443,
    "alexandrina": 5.311111111111111,
    "alice springs": 1.75,
    "alpine": 3.927777777777778,
    "anangu pitjantjatjara": 27.38611111111111,
    "ararat": 5.283333333333333,
    "armadale": 7.586111111111112,
    "armidale regional": 6.6,
    "ashburton": 0.9777777777777779,
    "augusta-margaret river": 3.5888888888888886,
    "ballarat": 5.738888888888889,
    "ballina": 4.966666666666667,
    "balonne": 4.658333333333333,
    "balranald": 4.205555555555556,
    "banana": 3.572222222222222,
    "banyule": 4.175,
    "barcaldine": 2.6611111111111105,
    "barcoo": 3.994444444444444,
    "barkly": 8.219444444444443,
    "barossa": 2.9444444444444446,
    "barunga west": 5.297222222222222,
    "bass coast": 5.947222222222222,
    "bassendean": 5.580555555555555,
    "bathurst regional": 5.066666666666667,
    "baw baw": 4.05,
    "bayside": 3.4027777777777777,
    "bayswater": 4.658333333333333,
    "bega valley": 5.897222222222222,
    "bellingen": 6.455555555555557,
    "belmont": 5.7138888888888895,
    "belyuen": 2.5555555555555554,
    "benalla": 6.130555555555556,
    "berri and barmera": 8.722222222222221,
    "berrigan": 5.588888888888888,
    "beverley": 4.538888888888889,
    "blackall-tambo": 2.6805555555555554,
    "blacktown": 6.141666666666667,
    "bland": 3.9888888888888894,
    "blayney": 4.4305555555555545,
    "blue mountains": 4.580555555555556,
    "boddington": 2.483333333333333,
    "bogan": 4.430555555555555,
    "boroondara": 3.616666666666667,
    "boulia": 3.9583333333333335,
    "bourke": 9.96111111111111,
    "boyup brook": 4.436111111111111,
    "break o'day": 10.75,
    "brewarrina": 10.038888888888891,
    "bridgetown-greenbushes": 4.422222222222222,
    "brighton": 10.438888888888888,
    "brimbank": 9.905555555555555,
    "brisbane": 4.991666666666667,
    "broken hill": 6.4527777777777775,
    "brookton": 5.216666666666666,
    "broome": 6.844444444444445,
    "broomehill-tambellup": 3.630555555555555,
    "bruce rock": 4.097222222222221,
    "bulloo": 6.199999999999999,
    "buloke": 3.869444444444445,
    "bunbury": 7.244444444444444,
    "bundaberg": 8.6,
    "burdekin": 6.836111111111112,
    "burke": 22.744444444444444,
    "burnie": 9.26388888888889,
    "burnside": 2.8472222222222214,
    "burwood": 5.066666666666666,
    "busselton": 4.408333333333334,
    "byron": 7.861111111111111,
    "cabonne": 3.363888888888889,
    "cairns": 6.825000000000001,
    "cambridge": 2.855555555555555,
    "camden": 2.3194444444444446,
    "campaspe": 5.616666666666667,
    "campbelltown": 5.733333333333333,
    "canada bay": 2.6916666666666664,
    "canning": 3.9694444444444446,
    "canterbury-bankstown": 7.902777777777778,
    "capel": 3.4916666666666667,
    "cardinia": 5.883333333333334,
    "carnamah": 3.8833333333333337,
    "carnarvon": 9.561111111111112,
    "carpentaria": 22.652777777777782,
    "carrathool": 3.6611111111111114,
    "casey": 6.775,
    "cassowary coast": 6.9638888888888895,
    "ceduna": 7.191666666666667,
    "central coast": 6.347222222222222,
    "central darling": 8.569444444444445,
    "central desert": 12.761111111111113,
    "central goldfields": 9.566666666666668,
    "central highlands": 8.066666666666666,
    "cessnock": 7.497222222222222,
    "chapman valley": 4.6499999999999995,
    "charles sturt": 5.475,
    "charters towers": 9.361111111111109,
    "cherbourg": 11.341666666666667,
    "chittering": 1.8611111111111112,
    "circular head": 4.677777777777778,
    "clare and gilbert valleys": 3.5083333333333337,
    "claremont": 2.8083333333333336,
    "clarence": 4.947222222222222,
    "clarence valley": 7.188888888888889,
    "cleve": 1.7527777777777775,
    "cloncurry": 8.21111111111111,
    "cobar": 2.6638888888888888,
    "cockburn": 5.2444444444444445,
    "coffs harbour": 5.736111111111111,
    "colac-otway": 5.150000000000001,
    "collie": 7.580555555555555,
    "coober pedy": 11.213888888888889,
    "cook": 20.386111111111113,
    "coolamon": 3.425,
    "coolgardie": 5.8694444444444445,
    "coomalie": 2.4694444444444437,
    "coonamble": 6.569444444444445,
    "coorow": 3.894444444444444,
    "cootamundra-gundagai regional": 5.847222222222223,
    "copper coast": 8.422222222222224,
    "corangamite": 3.566666666666667,
    "corrigin": 5.211111111111111,
    "cottesloe": 1.8083333333333336,
    "cowra": 8.455555555555556,
    "cranbrook": 3.5972222222222223,
    "croydon": 4.808333333333333,
    "cuballing": 2.833333333333334,
    "cue": 11.316666666666668,
    "cumberland": 8.18611111111111,
    "cunderdin": 5.8388888888888895,
    "dalwallinu": 3.330555555555556,
    "dandaragan": 3.0027777777777773,
    "dardanup": 3.0999999999999996,
    "darebin": 6.5,
    "darwin": 3.2249999999999996,
    "denmark": 4.125,
    "derby-west kimberley": 17,
    "derwent valley": 9.497222222222222,
    "devonport": 8.791666666666664,
    "diamantina": 4.027777777777778,
    "donnybrook-balingup": 4.558333333333334,
    "doomadgee": 22.672222222222224,
    "dorset": 6.441666666666666,
    "douglas": 6.286111111111112,
    "dowerin": 3.9638888888888895,
    "dubbo regional": 3.855555555555556,
    "dumbleyung": 2.375,
    "dundas": 5.869444444444444,
    "dungog": 3.9138888888888883,
    "east arnhem": 10.569444444444445,
    "east fremantle": 2.7555555555555555,
    "east gippsland": 6.669444444444444,
    "east pilbara": 3.2583333333333333,
    "edward river": 7,
    "elliston": 2.211111111111111,
    "esperance": 3.952777777777778,
    "etheridge": 4.83611111111111,
    "eurobodalla": 7.716666666666667,
    "exmouth": 3.15,
    "fairfield": 9.68888888888889,
    "federation": 6.069444444444444,
    "flinders": 6.4833333333333325,
    "flinders ranges": 4.386111111111111,
    "forbes": 5.730555555555557,
    "franklin harbour": 1.7805555555555554,
    "frankston": 6.530555555555555,
    "fraser coast": 9.547222222222224,
    "fremantle": 7.144444444444446,
    "gannawarra": 4.050000000000001,
    "gawler": 6.297222222222221,
    "george town": 10.627777777777778,
    "georges river": 3.7972222222222225,
    "gilgandra": 4.386111111111112,
    "gingin": 2.988888888888889,
    "gladstone": 5.866666666666666,
    "glamorgan/spring bay": 6.280555555555556,
    "glen eira": 4.272222222222222,
    "glen innes severn": 9.775,
    "glenelg": 6.2250000000000005,
    "glenorchy": 8.766666666666667,
    "gnowangerup": 2.463888888888889,
    "gold coast": 5.563888888888888,
    "golden plains": 3.630555555555556,
    "goomalling": 3.9777777777777774,
    "goondiwindi": 3.130555555555555,
    "gosnells": 6.663888888888889,
    "goulburn mulwaree": 5.416666666666667,
    "goyder": 5.747222222222223,
    "grant": 4.227777777777778,
    "greater bendigo": 6.494444444444445,
    "greater dandenong": 10.877777777777776,
    "greater geelong": 6.577777777777778,
    "greater geraldton": 5.938888888888889,
    "greater hume shire": 4.183333333333334,
    "greater shepparton": 7.108333333333334,
    "griffith": 5.288888888888889,
    "gunnedah": 7.208333333333333,
    "gwydir": 5.588888888888889,
    "gympie": 8.005555555555555,
    "halls creek": 29.06666666666667,
    "harvey": 3.980555555555556,
    "hawkesbury": 6.336111111111111,
    "hay": 5.544444444444445,
    "hepburn": 4.78611111111111,
    "hilltops": 5.602777777777779,
    "hinchinbrook": 7.694444444444445,
    "hindmarsh": 3.994444444444445,
    "hobart": 3.9638888888888886,
    "hobsons bay": 5.633333333333333,
    "holdfast bay": 3.7055555555555557,
    "hope vale": 20.399999999999995,
    "hornsby": 4.844444444444445,
    "horsham": 3.9222222222222225,
    "hume": 9.174999999999999,
    "hunters hill": 3.9027777777777777,
    "huon valley": 7.644444444444446,
    "indigo": 3.5749999999999997,
    "inner west": 5.227777777777778,